run_id,axis,ratio_or_density,epoch,successful_updates,diag_raw_top1,diag_ema_top1,diag_val_loss,cumulative_train_compute_seconds,cumulative_train_system_seconds,cumulative_data_wait_seconds,candidate_samples_cumulative,selected_samples_cumulative,retained_tokens_cumulative,g_coordinates_mean,h_coordinates_mean,u_coordinates_mean,peak_memory_allocated,peak_memory_reserved
FULL,full,1.0,1,162,0.0,0.0,6.647836303710937,11.98195189749822,11.98195189749822,0.0,5344.0,5344.0,1047424,0.0,0.0,0.0,0,0
FULL,full,1.0,2,330,68.83333333333333,58.166666666666664,1.182592938741048,23.796510802814737,23.796510802814737,0.0,10720.0,10720.0,2101120,0.0,0.0,0.0,0,0
FULL,full,1.0,3,498,78.5,83.0,0.8890950012207032,35.017544552334584,35.017544552334584,0.0,16096.0,16096.0,3154816,0.0,0.0,0.0,0,0
FULL,full,1.0,4,666,80.66666666666667,86.33333333333333,0.9588092708587647,46.31707596103661,46.31707596103661,0.0,21472.0,21472.0,4208512,0.0,0.0,0.0,0,0
FULL,full,1.0,5,834,79.66666666666667,87.0,0.9189062722524007,57.938496489892714,57.938496489892714,0.0,26848.0,26848.0,5262208,0.0,0.0,0.0,0,0
FULL,full,1.0,6,1002,81.33333333333333,86.83333333333333,0.8545307381947835,69.30909452901687,69.30909452901687,0.0,32224.0,32224.0,6315904,0.0,0.0,0.0,0,0
FULL,full,1.0,7,1170,81.0,87.33333333333333,0.9023578770955404,80.61990868940484,80.61990868940484,0.0,37600.0,37600.0,7369600,0.0,0.0,0.0,0,0
FULL,full,1.0,8,1338,83.0,86.83333333333333,0.7892903423309326,91.80897592182737,91.80897592182737,0.0,42976.0,42976.0,8423296,0.0,0.0,0.0,0,0
FULL,full,1.0,9,1506,82.0,87.66666666666667,0.9744927565256755,102.91304635000415,102.91304635000415,0.0,48352.0,48352.0,9476992,0.0,0.0,0.0,0,0
FULL,full,1.0,10,1674,83.5,87.83333333333333,0.8489184315999349,114.19169406907167,114.19169406907167,0.0,53728.0,53728.0,10530688,0.0,0.0,0.0,0,0
FULL,full,1.0,11,1842,83.0,87.66666666666667,0.8842220528920491,125.55961220653262,125.55961220653262,0.0,59104.0,59104.0,11584384,0.0,0.0,0.0,0,0
FULL,full,1.0,12,2010,83.5,87.0,0.8744958273569743,137.37583988311235,137.37583988311235,0.0,64480.0,64480.0,12638080,0.0,0.0,0.0,0,0
FULL,full,1.0,13,2178,84.83333333333333,86.66666666666667,0.84732453028361,148.55057303095236,148.55057303095236,0.0,69856.0,69856.0,13691776,0.0,0.0,0.0,0,0
FULL,full,1.0,14,2346,84.5,86.83333333333333,0.8264013544718425,160.02762625727337,160.02762625727337,0.0,75232.0,75232.0,14745472,0.0,0.0,0.0,0,0
FULL,full,1.0,15,2514,84.16666666666667,85.66666666666667,0.8131490882237752,171.31086748372763,171.31086748372763,0.0,80608.0,80608.0,15799168,0.0,0.0,0.0,0,0
FULL,full,1.0,16,2682,85.33333333333333,87.0,0.859128344853719,182.73493645410053,182.73493645410053,0.0,85984.0,85984.0,16852864,0.0,0.0,0.0,0,0
FULL,full,1.0,17,2850,86.16666666666667,87.16666666666667,0.8613366381327311,194.01842136576306,194.01842136576306,0.0,91360.0,91360.0,17906560,0.0,0.0,0.0,0,0
FULL,full,1.0,18,3018,86.16666666666667,86.33333333333333,0.8531620121002197,205.4835503322538,205.4835503322538,0.0,96736.0,96736.0,18960256,0.0,0.0,0.0,0,0
FULL,full,1.0,19,3186,86.33333333333333,86.16666666666667,0.8766991265614827,216.580907780095,216.580907780095,0.0,102112.0,102112.0,20013952,0.0,0.0,0.0,0,0
FULL,full,1.0,20,3354,85.83333333333333,87.66666666666667,0.841036303838094,227.86022649309598,227.86022649309598,0.0,107488.0,107488.0,21067648,0.0,0.0,0.0,0,0
FULL,full,1.0,21,3522,84.66666666666667,86.66666666666667,0.9072006352742513,238.7500722744735,238.7500722744735,0.0,112864.0,112864.0,22121344,0.0,0.0,0.0,0,0
FULL,full,1.0,22,3690,86.66666666666667,86.16666666666667,0.9027468490600586,250.42347461974714,250.42347461974714,0.0,118240.0,118240.0,23175040,0.0,0.0,0.0,0,0
FULL,full,1.0,23,3858,85.66666666666667,86.33333333333333,0.866708116531372,261.9399985789787,261.9399985789787,0.0,123616.0,123616.0,24228736,0.0,0.0,0.0,0,0
FULL,full,1.0,24,4026,85.33333333333333,86.33333333333333,0.8449692217508952,273.0216386697721,273.0216386697721,0.0,128992.0,128992.0,25282432,0.0,0.0,0.0,0,0
FULL,full,1.0,25,4194,86.0,85.66666666666667,0.8403891658782959,284.39364844968077,284.39364844968077,0.0,134368.0,134368.0,26336128,0.0,0.0,0.0,0,0
FULL,full,1.0,26,4362,86.16666666666667,86.16666666666667,0.8669853178660075,295.67562733066734,295.67562733066734,0.0,139744.0,139744.0,27389824,0.0,0.0,0.0,0,0
FULL,full,1.0,27,4530,86.33333333333333,86.66666666666667,0.8446599356333415,306.9639002281474,306.9639002281474,0.0,145120.0,145120.0,28443520,0.0,0.0,0.0,0,0
FULL,full,1.0,28,4698,86.5,86.83333333333333,0.8329021962483724,318.1289639308816,318.1289639308816,0.0,150496.0,150496.0,29497216,0.0,0.0,0.0,0,0
FULL,full,1.0,29,4866,86.66666666666667,86.33333333333333,0.8446225007375081,329.20511169347446,329.20511169347446,0.0,155872.0,155872.0,30550912,0.0,0.0,0.0,0,0
FULL,full,1.0,30,5034,86.5,86.5,0.8445026652018229,340.35705826361664,340.35705826361664,0.0,161248.0,161248.0,31604608,0.0,0.0,0.0,0,0
S075,S,0.75,1,160,0.0,0.0,6.701238149007161,15.65825977071654,16.079571073991247,0.421311303274706,5344.0,4008.0,785568,0.0,0.0,0.0,0,0
S075,S,0.75,2,328,67.66666666666667,52.666666666666664,1.2926242510477701,31.228330742451362,32.12973244790919,0.9014017054578289,10720.0,8040.0,1575840,0.0,0.0,0.0,0,0
S075,S,0.75,3,496,77.5,82.66666666666667,0.8948753420511881,46.40532022470143,47.850648628897034,1.4453284041956067,16096.0,12072.0,2366112,0.0,0.0,0.0,0,0
S075,S,0.75,4,664,78.33333333333333,85.16666666666667,1.005346450805664,61.27549696806818,63.22934425261337,1.9538472845451906,21472.0,16104.0,3156384,0.0,0.0,0.0,0,0
S075,S,0.75,5,832,79.66666666666667,86.5,0.8849526691436768,75.4162078538211,77.81595718860626,2.399749334785156,26848.0,20136.0,3946656,0.0,0.0,0.0,0,0
S075,S,0.75,6,1000,80.16666666666667,87.16666666666667,0.9509820715586345,89.9502039969666,92.88409163278993,2.9338876358233392,32224.0,24168.0,4736928,0.0,0.0,0.0,0,0
S075,S,0.75,7,1168,80.16666666666667,87.33333333333333,0.853694338798523,104.4783255161019,108.12147788598668,3.643152369884774,37600.0,28200.0,5527200,0.0,0.0,0.0,0,0
S075,S,0.75,8,1336,84.0,87.0,0.839799173672994,118.83416319126263,122.95505879994016,4.120895608677529,42976.0,32232.0,6317472,0.0,0.0,0.0,0,0
S075,S,0.75,9,1504,83.0,86.33333333333333,0.8404061508178711,133.26593543356284,137.93113443430047,4.66519900073763,48352.0,36264.0,7107744,0.0,0.0,0.0,0,0
S075,S,0.75,10,1672,83.16666666666667,86.83333333333333,0.7726388168334961,148.02611581911333,153.36031883128453,5.334203012171201,53728.0,40296.0,7898016,0.0,0.0,0.0,0,0
S075,S,0.75,11,1840,83.5,86.0,0.8545854949951172,162.76854890130926,168.59813337191008,5.829584470600821,59104.0,44328.0,8688288,0.0,0.0,0.0,0,0
S075,S,0.75,12,2008,82.33333333333333,85.83333333333333,0.8340010356903076,177.8241839184193,184.1185430898331,6.2943591714138165,64480.0,48360.0,9478560,0.0,0.0,0.0,0,0
S075,S,0.75,13,2176,83.33333333333333,86.66666666666667,0.8967387294769287,192.79897295928095,199.58792635810096,6.788953398820013,69856.0,52392.0,10268832,0.0,0.0,0.0,0,0
S075,S,0.75,14,2344,84.5,86.33333333333333,0.8757915369669597,207.50942763418425,214.8559425744461,7.346514940261841,75232.0,56424.0,11059104,0.0,0.0,0.0,0,0
S075,S,0.75,15,2512,84.0,85.66666666666667,0.8655337905883789,222.3651495310478,230.1812884536339,7.816138922586106,80608.0,60456.0,11849376,0.0,0.0,0.0,0,0
S075,S,0.75,16,2680,83.0,86.5,0.9348499075571696,236.9593680666294,245.34376047563273,8.38439240900334,85984.0,64488.0,12639648,0.0,0.0,0.0,0,0
S075,S,0.75,17,2848,84.66666666666667,87.0,0.8102433268229167,251.31735843443312,260.3586687025381,9.041310268105008,91360.0,68520.0,13429920,0.0,0.0,0.0,0,0
S075,S,0.75,18,3016,85.0,87.83333333333333,0.8716394678751628,265.93782124551944,275.5301961997757,9.592374954256229,96736.0,72552.0,14220192,0.0,0.0,0.0,0,0
S075,S,0.75,19,3184,85.66666666666667,88.0,0.8447423458099366,279.4704602416605,289.6182876570383,10.147827415377833,102112.0,76584.0,15010464,0.0,0.0,0.0,0,0
S075,S,0.75,20,3352,85.5,86.83333333333333,0.857825927734375,294.52295488805976,305.23942237044685,10.716467482387088,107488.0,80616.0,15800736,0.0,0.0,0.0,0,0
S075,S,0.75,21,3520,86.5,86.83333333333333,0.8650881767272949,309.47869386931416,320.67802660970483,11.199332740390673,112864.0,84648.0,16591008,0.0,0.0,0.0,0,0
S075,S,0.75,22,3688,86.16666666666667,87.5,0.8643364175160726,323.85318490793,335.62797634338494,11.774791435454972,118240.0,88680.0,17381280,0.0,0.0,0.0,0,0
S075,S,0.75,23,3856,86.5,87.5,0.8729481093088786,339.4337408208521,351.7738637190778,12.340122898225673,123616.0,92712.0,18171552,0.0,0.0,0.0,0,0
S075,S,0.75,24,4024,86.83333333333333,87.0,0.8584336916605632,355.0281228418462,368.00424978591036,12.976126944064163,128992.0,96744.0,18961824,0.0,0.0,0.0,0,0
S075,S,0.75,25,4192,87.33333333333333,87.5,0.8466896025339762,369.84766516136006,383.3461422920227,13.49847713066265,134368.0,100776.0,19752096,0.0,0.0,0.0,0,0
S075,S,0.75,26,4360,87.33333333333333,87.33333333333333,0.8534794839223226,383.4974081048276,397.51539288496133,14.017984780133702,139744.0,104808.0,20542368,0.0,0.0,0.0,0,0
S075,S,0.75,27,4528,86.33333333333333,86.33333333333333,0.8585306072235107,399.10262197314296,413.69545316847507,14.59283119533211,145120.0,108840.0,21332640,0.0,0.0,0.0,0,0
S075,S,0.75,28,4696,86.5,86.83333333333333,0.8737043190002441,413.71056303114165,428.91822084772866,15.207657816587016,150496.0,112872.0,22122912,0.0,0.0,0.0,0,0
S075,S,0.75,29,4864,86.83333333333333,86.83333333333333,0.8590245501200358,428.6400193924783,444.4217517260695,15.781732333591208,155872.0,116904.0,22913184,0.0,0.0,0.0,0,0
S075,S,0.75,30,5032,86.66666666666667,87.0,0.8583603477478028,443.4841968019027,459.7804769312497,16.296280129346997,161248.0,120936.0,23703456,0.0,0.0,0.0,0,0
S050,S,0.5,1,162,0.0,0.0,6.7634913380940755,16.655968692153692,17.166332922060974,0.5103642299072817,5344.0,2672.0,523712,0.0,0.0,0.0,0,0
S050,S,0.5,2,330,57.833333333333336,39.0,1.7121650250752767,31.619375420035794,32.581022788537666,0.9616473685018718,10720.0,5360.0,1050560,0.0,0.0,0.0,0,0
S050,S,0.5,3,498,72.0,79.5,1.111336088180542,46.41904160694685,47.87250851211138,1.4534669051645324,16096.0,8048.0,1577408,0.0,0.0,0.0,0,0
S050,S,0.5,4,666,75.66666666666667,85.16666666666667,1.0363327566782634,61.62755142606329,63.58940658264328,1.9618551565799862,21472.0,10736.0,2104256,0.0,0.0,0.0,0,0
S050,S,0.5,5,834,75.66666666666667,84.5,0.9593817202250162,76.04404290148523,78.51660062628798,2.472557724802755,26848.0,13424.0,2631104,0.0,0.0,0.0,0,0
S050,S,0.5,6,1002,78.0,84.66666666666667,0.9499322954813639,90.95636013243347,93.95434333488811,2.997983202454634,32224.0,16112.0,3157952,0.0,0.0,0.0,0,0
S050,S,0.5,7,1170,79.16666666666667,86.16666666666667,0.8464707660675049,106.72263248986565,110.43892558733933,3.716293097473681,37600.0,18800.0,3684800,0.0,0.0,0.0,0,0
S050,S,0.5,8,1338,80.66666666666667,86.5,0.8244315719604492,120.67581823887303,124.94856214441825,4.272743905545212,42976.0,21488.0,4211648,0.0,0.0,0.0,0,0
S050,S,0.5,9,1506,81.0,86.66666666666667,0.8738357877731323,135.81119326280896,140.57627456332557,4.765081300516613,48352.0,24176.0,4738496,0.0,0.0,0.0,0,0
S050,S,0.5,10,1674,79.66666666666667,85.0,0.8899603096644083,150.1474588275887,155.42134182329755,5.2738829957088456,53728.0,26864.0,5265344,0.0,0.0,0.0,0,0
S050,S,0.5,11,1842,80.33333333333333,84.83333333333333,0.893090230623881,164.200271461159,169.9803425639402,5.780071102781221,59104.0,29552.0,5792192,0.0,0.0,0.0,0,0
S050,S,0.5,12,2010,81.33333333333333,84.33333333333333,0.8402224985758463,179.03914528165478,185.3071027690312,6.267957487376407,64480.0,32240.0,6319040,0.0,0.0,0.0,0,0
S050,S,0.5,13,2178,83.33333333333333,84.16666666666667,0.8778719933827718,192.84918640193064,199.5804895957699,6.731303193839267,69856.0,34928.0,6845888,0.0,0.0,0.0,0,0
S050,S,0.5,14,2346,83.33333333333333,84.16666666666667,0.7990340789159139,211.2381164955441,218.57740280299913,7.3392863074550405,75232.0,37616.0,7372736,0.0,0.0,0.0,0,0
S050,S,0.5,15,2514,83.33333333333333,85.16666666666667,0.8461982107162476,228.4320728260791,236.29273059335537,7.86065776727628,80608.0,40304.0,7899584,0.0,0.0,0.0,0,0
S050,S,0.5,16,2682,84.5,85.66666666666667,0.8310115973154704,243.33954438299406,251.74757772160228,8.40803333860822,85984.0,42992.0,8426432,0.0,0.0,0.0,0,0
S050,S,0.5,17,2850,83.83333333333333,85.66666666666667,0.8347657521565756,258.91502735426184,267.83009934669826,8.915071992436424,91360.0,45680.0,8953280,0.0,0.0,0.0,0,0
S050,S,0.5,18,3018,82.16666666666667,85.83333333333333,0.8807367833455404,274.4743158080382,284.10170259932056,9.627386791282333,96736.0,48368.0,9480128,0.0,0.0,0.0,0,0
S050,S,0.5,19,3186,84.5,85.33333333333333,0.8901930475234985,290.41587768355384,300.6658431085525,10.249965424998663,102112.0,51056.0,10006976,0.0,0.0,0.0,0,0
S050,S,0.5,20,3354,83.5,85.16666666666667,0.8799163961410522,305.1597244698787,316.11054408736527,10.950819617486559,107488.0,53744.0,10533824,0.0,0.0,0.0,0,0
S050,S,0.5,21,3522,84.0,84.83333333333333,0.8680516767501831,321.2288549108198,332.69870220997836,11.469847299158573,112864.0,56432.0,11060672,0.0,0.0,0.0,0,0
S050,S,0.5,22,3690,83.0,84.83333333333333,0.8808895492553711,334.7420921608573,346.942000139039,12.199907978181727,118240.0,59120.0,11587520,0.0,0.0,0.0,0,0
S050,S,0.5,23,3858,84.66666666666667,83.83333333333333,0.9026267941792806,350.0704911422217,362.9282425927231,12.857751450501382,123616.0,61808.0,12114368,0.0,0.0,0.0,0,0
S050,S,0.5,24,4026,84.33333333333333,84.16666666666667,0.8771574147542318,365.2772521630395,378.7912444357062,13.513992272666655,128992.0,64496.0,12641216,0.0,0.0,0.0,0,0
S050,S,0.5,25,4194,85.66666666666667,85.33333333333333,0.8429889106750488,380.89279956172686,395.1784222944407,14.285622732713819,134368.0,67184.0,13168064,0.0,0.0,0.0,0,0
S050,S,0.5,26,4362,85.66666666666667,85.66666666666667,0.8533788363138834,395.70907713938504,410.73108258412685,15.022005444741808,139744.0,69872.0,13694912,0.0,0.0,0.0,0,0
S050,S,0.5,27,4530,84.66666666666667,85.0,0.8590380064646403,410.73868420382496,426.5209812807152,15.782297076890245,145120.0,72560.0,14221760,0.0,0.0,0.0,0,0
S050,S,0.5,28,4698,85.0,85.16666666666667,0.8597588475545247,425.4672265853733,442.06123962881975,16.594013043446466,150496.0,75248.0,14748608,0.0,0.0,0.0,0,0
S050,S,0.5,29,4866,85.66666666666667,85.33333333333333,0.8548673280080159,440.1190784170758,457.53851652215235,17.41943810507655,155872.0,77936.0,15275456,0.0,0.0,0.0,0,0
S050,S,0.5,30,5034,85.5,85.5,0.8535325066248576,455.2085120830452,473.08851843338925,17.880006350344047,161248.0,80624.0,15802304,0.0,0.0,0.0,0,0
S025,S,0.25,1,162,0.0,0.16666666666666666,6.864537734985351,15.637081853114069,15.637081853114069,0.0,5344.0,1336.0,261856,0.0,0.0,0.0,0,0
S025,S,0.25,2,330,34.0,19.166666666666668,3.169633051554362,30.016440231585875,30.016440231585875,0.0,10720.0,2680.0,525280,0.0,0.0,0.0,0,0
S025,S,0.25,3,498,51.666666666666664,59.166666666666664,2.106704018910726,44.71715637051966,44.71715637051966,0.0,16096.0,4024.0,788704,0.0,0.0,0.0,0,0
S025,S,0.25,4,666,59.833333333333336,71.66666666666667,1.627131175994873,58.58982515591197,58.58982515591197,0.0,21472.0,5368.0,1052128,0.0,0.0,0.0,0,0
S025,S,0.25,5,834,67.16666666666667,79.5,1.5540813573201497,73.80332927475683,73.80332927475683,0.0,26848.0,6712.0,1315552,0.0,0.0,0.0,0,0
S025,S,0.25,6,1002,71.16666666666667,80.83333333333333,1.3966839154561361,88.95379655458964,88.95379655458964,0.0,32224.0,8056.0,1578976,0.0,0.0,0.0,0,0
S025,S,0.25,7,1170,73.5,82.83333333333333,1.2067619450887044,103.46389147441369,103.46389147441369,0.0,37600.0,9400.0,1842400,0.0,0.0,0.0,0,0
S025,S,0.25,8,1338,72.66666666666667,83.83333333333333,1.176723232269287,118.36092625895981,118.36092625895981,0.0,42976.0,10744.0,2105824,0.0,0.0,0.0,0,0
S025,S,0.25,9,1506,75.33333333333333,84.5,1.0462976201375325,133.57487950637005,133.57487950637005,0.0,48352.0,12088.0,2369248,0.0,0.0,0.0,0,0
S025,S,0.25,10,1674,76.5,85.16666666666667,1.0389375845591227,148.1260101753287,148.1260101753287,0.0,53728.0,13432.0,2632672,0.0,0.0,0.0,0,0
S025,S,0.25,11,1842,81.16666666666667,86.0,0.9407393232981364,161.90729607956018,161.90729607956018,0.0,59104.0,14776.0,2896096,0.0,0.0,0.0,0,0
S025,S,0.25,12,2010,78.33333333333333,85.83333333333333,0.9725294240315755,176.86052245134488,176.86052245134488,0.0,64480.0,16120.0,3159520,0.0,0.0,0.0,0,0
S025,S,0.25,13,2178,78.0,86.16666666666667,1.0086746295293172,191.7835875588935,191.7835875588935,0.0,69856.0,17464.0,3422944,0.0,0.0,0.0,0,0
S025,S,0.25,14,2346,80.33333333333333,85.66666666666667,0.9461774126688639,206.31637395499274,206.31637395499274,0.0,75232.0,18808.0,3686368,0.0,0.0,0.0,0,0
S025,S,0.25,15,2514,79.83333333333333,85.5,0.9529585568110148,221.36198154720478,221.36198154720478,0.0,80608.0,20152.0,3949792,0.0,0.0,0.0,0,0
S025,S,0.25,16,2682,80.66666666666667,84.5,0.9210912577311198,236.2183398741763,236.2183398741763,0.0,85984.0,21496.0,4213216,0.0,0.0,0.0,0,0
S025,S,0.25,17,2850,81.33333333333333,85.16666666666667,0.9184357070922852,250.86693596094847,250.86693596094847,0.0,91360.0,22840.0,4476640,0.0,0.0,0.0,0,0
S025,S,0.25,18,3018,81.83333333333333,85.33333333333333,0.9131735293070475,266.0264262210112,266.0264262210112,0.0,96736.0,24184.0,4740064,0.0,0.0,0.0,0,0
S025,S,0.25,19,3186,82.83333333333333,84.33333333333333,0.9370684560139974,280.15134637767915,280.15134637767915,0.0,102112.0,25528.0,5003488,0.0,0.0,0.0,0,0
S025,S,0.25,20,3354,83.66666666666667,85.0,0.9082272609074911,295.82674396259245,295.82674396259245,0.0,107488.0,26872.0,5266912,0.0,0.0,0.0,0,0
S025,S,0.25,21,3522,85.33333333333333,85.16666666666667,0.8577263863881429,311.0464152417844,311.0464152417844,0.0,112864.0,28216.0,5530336,0.0,0.0,0.0,0,0
S025,S,0.25,22,3690,84.33333333333333,85.5,0.8792587773005167,325.38743453728966,325.38743453728966,0.0,118240.0,29560.0,5793760,0.0,0.0,0.0,0,0
S025,S,0.25,23,3858,85.0,85.0,0.8926328674952189,341.08726979093626,341.08726979093626,0.0,123616.0,30904.0,6057184,0.0,0.0,0.0,0,0
S025,S,0.25,24,4026,85.33333333333333,85.5,0.8848914909362793,356.93839666526765,356.93839666526765,0.0,128992.0,32248.0,6320608,0.0,0.0,0.0,0,0
S025,S,0.25,25,4194,86.33333333333333,86.0,0.8549584452311197,371.2963296347298,371.2963296347298,0.0,134368.0,33592.0,6584032,0.0,0.0,0.0,0,0
S025,S,0.25,26,4362,85.83333333333333,86.5,0.8638082647323608,386.13100485282484,386.13100485282484,0.0,139744.0,34936.0,6847456,0.0,0.0,0.0,0,0
S025,S,0.25,27,4530,86.83333333333333,86.33333333333333,0.8572887420654297,400.32147252897266,400.32147252897266,0.0,145120.0,36280.0,7110880,0.0,0.0,0.0,0,0
S025,S,0.25,28,4698,86.83333333333333,86.83333333333333,0.858510955174764,415.9488390046172,415.9488390046172,0.0,150496.0,37624.0,7374304,0.0,0.0,0.0,0,0
S025,S,0.25,29,4866,87.0,87.0,0.8550055853525798,430.59744136815425,430.59744136815425,0.0,155872.0,38968.0,7637728,0.0,0.0,0.0,0,0
S025,S,0.25,30,5034,87.16666666666667,87.0,0.8543739875157674,446.1981083507417,446.1981083507417,0.0,161248.0,40312.0,7901152,0.0,0.0,0.0,0,0
T085,T,0.85,1,161,0.0,0.0,6.66528060913086,12.418933458859101,12.830851436359808,0.4119179775007069,5344.0,5344.0,887104,0.0,0.0,0.0,0,0
T085,T,0.85,2,329,69.33333333333333,56.666666666666664,1.1978712622324625,24.811630955082364,25.78564398328308,0.9740130282007158,10720.0,10720.0,1779520,0.0,0.0,0.0,0,0
T085,T,0.85,3,497,79.16666666666667,84.16666666666667,0.8913771120707193,36.21489851421211,37.92501869297121,1.710120178759098,16096.0,16096.0,2671936,0.0,0.0,0.0,0,0
T085,T,0.85,4,665,79.0,85.83333333333333,0.9455798021952311,47.688064771471545,49.92990935686976,2.241844585398212,21472.0,21472.0,3564352,0.0,0.0,0.0,0,0
T085,T,0.85,5,833,79.66666666666667,86.0,0.896357250213623,58.924016556469724,61.74109979253262,2.8170832360628992,26848.0,26848.0,4456768,0.0,0.0,0.0,0,0
T085,T,0.85,6,1001,82.83333333333333,86.0,0.8417652352650961,70.45418239885475,73.83768472424708,3.383502325392328,32224.0,32224.0,5349184,0.0,0.0,0.0,0,0
T085,T,0.85,7,1169,82.33333333333333,85.66666666666667,0.9295205243428548,82.63758747291286,86.65499751840252,4.017410045489669,37600.0,37600.0,6241600,0.0,0.0,0.0,0,0
T085,T,0.85,8,1337,82.0,87.0,0.8319578917821249,94.42424789106008,99.04947171162348,4.625223820563406,42976.0,42976.0,7134016,0.0,0.0,0.0,0,0
T085,T,0.85,9,1505,82.66666666666667,85.83333333333333,0.9638916333516439,105.98257122223731,111.14919378212653,5.16662255988922,48352.0,48352.0,8026432,0.0,0.0,0.0,0,0
T085,T,0.85,10,1673,82.5,86.16666666666667,0.8690976413091024,117.78533241676632,123.51095101435203,5.725618597585708,53728.0,53728.0,8918848,0.0,0.0,0.0,0,0
T085,T,0.85,11,1841,82.83333333333333,86.66666666666667,0.8716666762034099,129.51366623782087,135.83998529508244,6.326319057261571,59104.0,59104.0,9811264,0.0,0.0,0.0,0,0
T085,T,0.85,12,2009,82.66666666666667,85.83333333333333,0.8713899230957032,141.35559905937407,148.27926875534467,6.923669695970602,64480.0,64480.0,10703680,0.0,0.0,0.0,0,0
T085,T,0.85,13,2177,83.33333333333333,86.0,0.8742416381835938,153.25525555200875,160.73325586796273,7.478000315953977,69856.0,69856.0,11596096,0.0,0.0,0.0,0,0
T085,T,0.85,14,2345,84.0,86.33333333333333,0.813863976796468,164.53908315883018,172.63510478602257,8.096021627192385,75232.0,75232.0,12488512,0.0,0.0,0.0,0,0
T085,T,0.85,15,2513,84.33333333333333,85.83333333333333,0.8208460934956868,176.42976298485883,185.07770460715983,8.647941622301005,80608.0,80608.0,13380928,0.0,0.0,0.0,0,0
T085,T,0.85,16,2681,84.66666666666667,86.66666666666667,0.8613101704915365,188.33466853143182,197.62818573636468,9.293517204932868,85984.0,85984.0,14273344,0.0,0.0,0.0,0,0
T085,T,0.85,17,2849,86.16666666666667,86.83333333333333,0.8967169825236002,200.4423082676949,210.23031779751182,9.788009529816918,91360.0,91360.0,15165760,0.0,0.0,0.0,0,0
T085,T,0.85,18,3017,84.33333333333333,86.16666666666667,0.896522003809611,212.12222928123083,222.6109080929309,10.488678811700083,96736.0,96736.0,16058176,0.0,0.0,0.0,0,0
T085,T,0.85,19,3185,84.66666666666667,86.0,0.8475503476460775,223.90407304826658,234.92698176507838,11.022908716811799,102112.0,102112.0,16950592,0.0,0.0,0.0,0,0
T085,T,0.85,20,3353,85.83333333333333,85.5,0.837668399810791,235.61623662349302,247.2307449732907,11.614508349797688,107488.0,107488.0,17843008,0.0,0.0,0.0,0,0
T085,T,0.85,21,3521,84.66666666666667,85.83333333333333,0.8970732180277506,247.39709198765922,259.7186491325265,12.321557144867256,112864.0,112864.0,18735424,0.0,0.0,0.0,0,0
T085,T,0.85,22,3689,86.0,85.83333333333333,0.9120214207967122,259.2396730185719,272.28328654554207,13.043613526970148,118240.0,118240.0,19627840,0.0,0.0,0.0,0,0
T085,T,0.85,23,3857,85.33333333333333,85.66666666666667,0.896304121017456,272.1595565020107,285.7639232345391,13.604366732528433,123616.0,123616.0,20520256,0.0,0.0,0.0,0,0
T085,T,0.85,24,4025,85.83333333333333,86.16666666666667,0.86990922609965,283.99762456305325,298.3012008591322,14.303576296078973,128992.0,128992.0,21412672,0.0,0.0,0.0,0,0
T085,T,0.85,25,4193,86.83333333333333,86.33333333333333,0.862256072362264,295.9818942466518,311.0847474405309,15.102853193879128,134368.0,134368.0,22305088,0.0,0.0,0.0,0,0
T085,T,0.85,26,4361,86.0,86.0,0.872734858194987,307.69326666160487,323.2806842175778,15.587417555972934,139744.0,139744.0,23197504,0.0,0.0,0.0,0,0
T085,T,0.85,27,4529,86.16666666666667,86.33333333333333,0.8566957314809164,319.67037847230677,335.82130829023663,16.150929817929864,145120.0,145120.0,24089920,0.0,0.0,0.0,0,0
T085,T,0.85,28,4697,86.5,86.16666666666667,0.853118953704834,332.1740866381442,348.82674524909817,16.65265861095395,150496.0,150496.0,24982336,0.0,0.0,0.0,0,0
T085,T,0.85,29,4865,86.33333333333333,86.33333333333333,0.8588613669077555,344.1520216931822,361.4206253119046,17.26860361872241,155872.0,155872.0,25874752,0.0,0.0,0.0,0,0
T085,T,0.85,30,5033,86.16666666666667,86.66666666666667,0.8586659971872965,355.76423045026604,373.6586042866111,17.89437383634504,161248.0,161248.0,26767168,0.0,0.0,0.0,0,0
T070,T,0.7,1,162,0.0,0.0,6.678639399210612,12.238921901560389,12.72142848011572,0.48250657855533063,5344.0,5344.0,732128,0.0,0.0,0.0,0,0
T070,T,0.7,2,329,70.16666666666667,57.5,1.1992017110188802,24.01332602580078,25.07718820217997,1.063862176379189,10720.0,10720.0,1468640,0.0,0.0,0.0,0,0
T070,T,0.7,3,497,78.66666666666667,83.33333333333333,0.9813527170817057,35.56803992961068,37.41815328865778,1.8501133590471,16096.0,16096.0,2205152,0.0,0.0,0.0,0,0
T070,T,0.7,4,665,79.83333333333333,85.0,1.0371062978108725,47.21803899400402,49.83066058042459,2.6126215864205733,21472.0,21472.0,2941664,0.0,0.0,0.0,0,0
T070,T,0.7,5,833,81.0,86.33333333333333,0.9301974137624105,58.75430265208706,61.97976035729516,3.2254577052081004,26848.0,26848.0,3678176,0.0,0.0,0.0,0,0
T070,T,0.7,6,1001,81.16666666666667,86.16666666666667,0.8581174914042154,70.48338653682731,74.35634990117978,3.872963364352472,32224.0,32224.0,4414688,0.0,0.0,0.0,0,0
T070,T,0.7,7,1169,82.0,87.5,0.9327695846557618,82.0245084085036,86.58216579083819,4.5576573823345825,37600.0,37600.0,5151200,0.0,0.0,0.0,0,0
T070,T,0.7,8,1337,82.5,87.16666666666667,0.8470083427429199,93.70870191056747,98.93867109238636,5.229969181818888,42976.0,42976.0,5887712,0.0,0.0,0.0,0,0
T070,T,0.7,9,1505,82.5,86.33333333333333,0.9700151443481445,105.3349581330549,111.10384193307254,5.7688838000176474,48352.0,48352.0,6624224,0.0,0.0,0.0,0,0
T070,T,0.7,10,1673,82.16666666666667,86.33333333333333,0.8689236640930176,117.07203370053321,123.46703771746252,6.395004016929306,53728.0,53728.0,7360736,0.0,0.0,0.0,0,0
T070,T,0.7,11,1841,82.83333333333333,86.16666666666667,0.8772972742716472,128.73127757792827,135.7819273294881,7.050649751559831,59104.0,59104.0,8097248,0.0,0.0,0.0,0,0
T070,T,0.7,12,2009,82.16666666666667,86.5,0.9345513439178467,140.18408612720668,147.93652954837307,7.75244342116639,64480.0,64480.0,8833760,0.0,0.0,0.0,0,0
T070,T,0.7,13,2177,83.0,86.5,0.9171575864156087,151.6423556812806,159.99213410937227,8.349778428091668,69856.0,69856.0,9570272,0.0,0.0,0.0,0,0
T070,T,0.7,14,2345,83.66666666666667,85.66666666666667,0.844940676689148,163.13180691737216,172.16124439577106,9.029437478398904,75232.0,75232.0,10306784,0.0,0.0,0.0,0,0
T070,T,0.7,15,2513,84.33333333333333,86.66666666666667,0.8676821994781494,174.51018801471218,183.9683558890829,9.458167874370702,80608.0,80608.0,11043296,0.0,0.0,0.0,0,0
T070,T,0.7,16,2681,84.83333333333333,86.33333333333333,0.8812058003743489,186.2550864208024,196.45249177981168,10.19740535900928,85984.0,85984.0,11779808,0.0,0.0,0.0,0,0
T070,T,0.7,17,2849,84.33333333333333,86.5,0.9029112466176351,197.89137618639506,208.5944343599258,10.703058173530735,91360.0,91360.0,12516320,0.0,0.0,0.0,0,0
T070,T,0.7,18,3017,85.0,86.16666666666667,0.8480634371439616,209.457720382954,221.03943149314728,11.581711110193282,96736.0,96736.0,13252832,0.0,0.0,0.0,0,0
T070,T,0.7,19,3185,84.83333333333333,86.16666666666667,0.8969237931569417,221.1823205591645,233.42308048566338,12.240759926498868,102112.0,102112.0,13989344,0.0,0.0,0.0,0,0
T070,T,0.7,20,3353,85.5,86.83333333333333,0.8935081195831299,232.68181284097955,245.60515042336192,12.923337582382374,107488.0,107488.0,14725856,0.0,0.0,0.0,0,0
T070,T,0.7,21,3521,85.16666666666667,86.33333333333333,0.9068780167897542,244.22733063204214,257.8916014331626,13.664270801120438,112864.0,112864.0,15462368,0.0,0.0,0.0,0,0
T070,T,0.7,22,3689,86.5,86.0,0.9343625132242839,255.7283257569652,270.01180969318375,14.283483936218545,118240.0,118240.0,16198880,0.0,0.0,0.0,0,0
T070,T,0.7,23,3857,85.83333333333333,86.83333333333333,0.925541451772054,267.37697635008954,282.3271029102616,14.950126560172066,123616.0,123616.0,16935392,0.0,0.0,0.0,0,0
T070,T,0.7,24,4025,86.0,85.83333333333333,0.9045178413391113,279.0792016162304,294.71826450771187,15.639062891481444,128992.0,128992.0,17671904,0.0,0.0,0.0,0,0
T070,T,0.7,25,4193,87.66666666666667,86.66666666666667,0.895399367014567,290.4346890664892,306.61072701460216,16.176037948112935,134368.0,134368.0,18408416,0.0,0.0,0.0,0,0
T070,T,0.7,26,4361,86.66666666666667,86.83333333333333,0.9283087571461995,302.31586100836284,319.0863686937373,16.77050768537447,139744.0,139744.0,19144928,0.0,0.0,0.0,0,0
T070,T,0.7,27,4529,86.16666666666667,86.66666666666667,0.8997521082560221,313.6326102386229,330.9759697676636,17.343359529040754,145120.0,145120.0,19881440,0.0,0.0,0.0,0,0
T070,T,0.7,28,4697,87.33333333333333,87.16666666666667,0.8908295122782389,325.2332871744875,343.0678868981777,17.83459972369019,150496.0,150496.0,20617952,0.0,0.0,0.0,0,0
T070,T,0.7,29,4865,87.5,87.5,0.8947069994608561,336.87757314019836,355.3434703742387,18.465897234040312,155872.0,155872.0,21354464,0.0,0.0,0.0,0,0
T070,T,0.7,30,5033,87.5,87.5,0.8938162676493326,348.4904775667237,367.58998978033196,19.09951221360825,161248.0,161248.0,22090976,0.0,0.0,0.0,0,0
T055,T,0.55,1,162,0.0,0.0,6.711422119140625,12.57788380770944,13.002477115252987,0.42459330754354596,5344.0,5344.0,571808,0.0,0.0,0.0,0,0
T055,T,0.55,2,330,68.0,55.333333333333336,1.224354429244995,23.884054499445483,24.857105097500607,0.9730505980551243,10720.0,10720.0,1147040,0.0,0.0,0.0,0,0
T055,T,0.55,3,498,79.0,83.33333333333333,0.9169058831532796,35.623020432540216,37.30574516253546,1.6827247299952433,16096.0,16096.0,1722272,0.0,0.0,0.0,0,0
T055,T,0.55,4,666,79.66666666666667,86.16666666666667,1.0782840315500895,47.261555869248696,49.47077730577439,2.209221436525695,21472.0,21472.0,2297504,0.0,0.0,0.0,0,0
T055,T,0.55,5,834,78.66666666666667,85.66666666666667,0.9659247843424479,58.81094392493833,61.81328610761557,3.002342182677239,26848.0,26848.0,2872736,0.0,0.0,0.0,0,0
T055,T,0.55,6,1002,80.16666666666667,87.16666666666667,0.8968321005503337,70.7981602193322,74.37430876912549,3.576148549793288,32224.0,32224.0,3447968,0.0,0.0,0.0,0,0
T055,T,0.55,7,1170,81.66666666666667,85.66666666666667,0.9677550760904948,82.82581752655096,86.92436247481965,4.098544948268682,37600.0,37600.0,4023200,0.0,0.0,0.0,0,0
T055,T,0.55,8,1338,82.0,86.16666666666667,0.8602062304814656,94.72307118913159,99.39350533741526,4.670434148283675,42976.0,42976.0,4598432,0.0,0.0,0.0,0,0
T055,T,0.55,9,1506,82.0,86.33333333333333,1.011080379486084,106.61378202750348,111.83578326285351,5.222001235350035,48352.0,48352.0,5173664,0.0,0.0,0.0,0,0
T055,T,0.55,10,1674,83.16666666666667,85.83333333333333,0.9030886268615723,118.26624445256311,124.04640258743893,5.780158134875819,53728.0,53728.0,5748896,0.0,0.0,0.0,0,0
T055,T,0.55,11,1842,83.0,86.0,0.8987250073750814,129.94963531265967,136.27454459411092,6.324909281451255,59104.0,59104.0,6324128,0.0,0.0,0.0,0,0
T055,T,0.55,12,2010,83.0,85.66666666666667,0.8650957330067952,142.46780394075904,149.32442673342302,6.856622792663984,64480.0,64480.0,6899360,0.0,0.0,0.0,0,0
T055,T,0.55,13,2178,84.83333333333333,85.16666666666667,0.8434183661142985,154.38601909589488,161.83451529534068,7.448496199445799,69856.0,69856.0,7474592,0.0,0.0,0.0,0,0
T055,T,0.55,14,2346,83.83333333333333,85.5,0.8216966088612875,166.0236401555594,174.13021709909663,8.10657694353722,75232.0,75232.0,8049824,0.0,0.0,0.0,0,0
T055,T,0.55,15,2514,84.16666666666667,85.5,0.8028332885106405,177.27451211540028,185.93438837234862,8.659876256948337,80608.0,80608.0,8625056,0.0,0.0,0.0,0,0
T055,T,0.55,16,2682,85.83333333333333,87.5,0.8594539642333985,188.8991937173996,198.1542603559792,9.255066638579592,85984.0,85984.0,9200288,0.0,0.0,0.0,0,0
T055,T,0.55,17,2850,85.33333333333333,87.83333333333333,0.9149330965677898,201.02266454475466,210.8567482595099,9.834083714755252,91360.0,91360.0,9775520,0.0,0.0,0.0,0,0
T055,T,0.55,18,3018,86.16666666666667,87.33333333333333,0.8805576038360595,212.82810938358307,223.19719037041068,10.369080986827612,96736.0,96736.0,10350752,0.0,0.0,0.0,0,0
T055,T,0.55,19,3186,86.66666666666667,87.16666666666667,0.9090399328867594,224.43158011406194,235.43424275296275,11.002662638900802,102112.0,102112.0,10925984,0.0,0.0,0.0,0,0
T055,T,0.55,20,3354,86.5,88.0,0.9043619378407797,235.81782821682282,247.67385411728173,11.856025900458917,107488.0,107488.0,11501216,0.0,0.0,0.0,0,0
T055,T,0.55,21,3522,85.66666666666667,87.16666666666667,0.9180644702911377,247.45204421202652,259.8143152303528,12.362271018326283,112864.0,112864.0,12076448,0.0,0.0,0.0,0,0
T055,T,0.55,22,3690,86.66666666666667,86.33333333333333,0.9304131507873535,259.070416702074,272.06644624087494,12.99602953880094,118240.0,118240.0,12651680,0.0,0.0,0.0,0,0
T055,T,0.55,23,3858,85.5,86.0,0.9088257853190104,270.57280748942867,284.06381329579744,13.491005806368776,123616.0,123616.0,13226912,0.0,0.0,0.0,0,0
T055,T,0.55,24,4026,86.0,85.83333333333333,0.8801081053415934,282.1806625648169,296.20060728886165,14.019944724044763,128992.0,128992.0,13802144,0.0,0.0,0.0,0,0
T055,T,0.55,25,4194,86.0,86.0,0.8684974225362142,293.6654292352032,308.21552521712147,14.550095981918275,134368.0,134368.0,14377376,0.0,0.0,0.0,0,0
T055,T,0.55,26,4362,86.5,85.83333333333333,0.872375160853068,305.3993302405579,320.4454673778964,15.046137137338519,139744.0,139744.0,14952608,0.0,0.0,0.0,0,0
T055,T,0.55,27,4530,86.83333333333333,86.33333333333333,0.8699276256561279,317.13022478076164,332.87477650656365,15.744551725802012,145120.0,145120.0,15527840,0.0,0.0,0.0,0,0
T055,T,0.55,28,4698,87.0,86.83333333333333,0.8635476557413737,328.86432477855124,345.2531208473956,16.388796068844385,150496.0,150496.0,16103072,0.0,0.0,0.0,0,0
T055,T,0.55,29,4866,86.16666666666667,86.33333333333333,0.8655050849914551,340.4154022097355,357.3742085976992,16.958806387963705,155872.0,155872.0,16678304,0.0,0.0,0.0,0,0
T055,T,0.55,30,5034,86.16666666666667,86.16666666666667,0.8663115978240967,351.98053449683357,369.4911357240053,17.51060122717172,161248.0,161248.0,17253536,0.0,0.0,0.0,0,0
T040,T,0.4,1,163,0.0,0.0,6.767303899129232,12.318522048648447,12.870396476821043,0.5518744281725958,5344.0,5344.0,416832,0.0,0.0,0.0,0,0
T040,T,0.4,2,331,67.0,54.666666666666664,1.2470073572794595,23.779724291758612,24.863108022720553,1.0833837309619412,10720.0,10720.0,836160,0.0,0.0,0.0,0,0
T040,T,0.4,3,499,76.5,81.5,1.0428527323404948,35.342319566523656,37.19309553154744,1.8507759650237858,16096.0,16096.0,1255488,0.0,0.0,0.0,0,0
T040,T,0.4,4,667,80.16666666666667,84.16666666666667,1.0859565130869548,46.899897878058255,49.390659632044844,2.4907617539865896,21472.0,21472.0,1674816,0.0,0.0,0.0,0,0
T040,T,0.4,5,835,79.0,86.16666666666667,1.0202565797170002,58.30475528445095,61.299976629554294,2.995221345103346,26848.0,26848.0,2094144,0.0,0.0,0.0,0,0
T040,T,0.4,6,1003,80.66666666666667,86.0,0.9577946631113688,69.61569144006353,73.37506025878247,3.75936881871894,32224.0,32224.0,2513472,0.0,0.0,0.0,0,0
T040,T,0.4,7,1171,80.16666666666667,85.66666666666667,1.0119010384877523,81.27434236230329,85.7682322487235,4.49388988642022,37600.0,37600.0,2932800,0.0,0.0,0.0,0,0
T040,T,0.4,8,1339,82.16666666666667,86.33333333333333,0.855023930867513,93.07990790263284,98.15378159482498,5.073873692192137,42976.0,42976.0,3352128,0.0,0.0,0.0,0,0
T040,T,0.4,9,1507,84.33333333333333,86.0,1.0185890547434489,104.50808501581196,110.0847475642804,5.576662548468448,48352.0,48352.0,3771456,0.0,0.0,0.0,0,0
T040,T,0.4,10,1675,82.33333333333333,85.5,0.923224016825358,116.23971060360782,122.38797340204474,6.148262798436917,53728.0,53728.0,4190784,0.0,0.0,0.0,0,0
T040,T,0.4,11,1843,82.5,85.5,0.9148463503519694,127.83637226209976,134.46201938483864,6.625647122738883,59104.0,59104.0,4610112,0.0,0.0,0.0,0,0
T040,T,0.4,12,2011,83.66666666666667,85.83333333333333,0.9100312105814616,139.08919653098565,146.20653877861332,7.1173422476276755,64480.0,64480.0,5029440,0.0,0.0,0.0,0,0
T040,T,0.4,13,2179,84.16666666666667,85.66666666666667,0.9342614237467448,150.6878831447102,158.4096495900303,7.7217664453201,69856.0,69856.0,5448768,0.0,0.0,0.0,0,0
T040,T,0.4,14,2347,83.16666666666667,85.66666666666667,0.8785547256469727,162.15920125762932,170.44983377878089,8.290632521151565,75232.0,75232.0,5868096,0.0,0.0,0.0,0,0
T040,T,0.4,15,2515,82.66666666666667,85.0,0.8887193711598714,173.72732601629104,182.7269385055406,8.999612489249557,80608.0,80608.0,6287424,0.0,0.0,0.0,0,0
T040,T,0.4,16,2683,84.83333333333333,86.33333333333333,0.9323481941223144,185.2770597700728,194.8405864374945,9.563526667421684,85984.0,85984.0,6706752,0.0,0.0,0.0,0,0
T040,T,0.4,17,2851,84.66666666666667,86.5,0.9146958796183268,197.33926024776883,207.4922940902179,10.153033842449076,91360.0,91360.0,7126080,0.0,0.0,0.0,0,0
T040,T,0.4,18,3019,84.16666666666667,85.5,0.8942587089538574,208.38358524232171,219.10169396398123,10.718108721659519,96736.0,96736.0,7545408,0.0,0.0,0.0,0,0
T040,T,0.4,19,3187,85.66666666666667,85.83333333333333,0.9092980829874674,219.52869556914084,230.7464405593928,11.217744990251958,102112.0,102112.0,7964736,0.0,0.0,0.0,0,0
T040,T,0.4,20,3355,84.66666666666667,85.83333333333333,0.8574383354187012,230.94398442085367,242.69771013048012,11.753725709626451,107488.0,107488.0,8384064,0.0,0.0,0.0,0,0
T040,T,0.4,21,3523,85.33333333333333,85.83333333333333,0.9524200407663981,242.4333744365722,254.70914465177339,12.275770215201192,112864.0,112864.0,8803392,0.0,0.0,0.0,0,0
T040,T,0.4,22,3691,85.16666666666667,85.83333333333333,0.9291743564605713,253.91639260121156,266.68893538892735,12.772542787715793,118240.0,118240.0,9222720,0.0,0.0,0.0,0,0
T040,T,0.4,23,3859,85.0,85.0,0.9429325326283773,265.0148497178452,278.32528143248055,13.310431714635342,123616.0,123616.0,9642048,0.0,0.0,0.0,0,0
T040,T,0.4,24,4027,84.83333333333333,85.16666666666667,0.9057356262207031,276.4528781089466,290.3393785672961,13.886500458349474,128992.0,128992.0,10061376,0.0,0.0,0.0,0,0
T040,T,0.4,25,4195,85.5,85.0,0.9178021462758382,287.9135340373032,302.32686361996457,14.41332958266139,134368.0,134368.0,10480704,0.0,0.0,0.0,0,0
T040,T,0.4,26,4363,85.5,85.66666666666667,0.9173802375793457,299.3451958214864,314.3113672740292,14.966171452542767,139744.0,139744.0,10900032,0.0,0.0,0.0,0,0
T040,T,0.4,27,4531,85.33333333333333,85.5,0.9019761816660563,310.46425486530643,325.99323444173206,15.528979576425627,145120.0,145120.0,11319360,0.0,0.0,0.0,0,0
T040,T,0.4,28,4699,85.16666666666667,85.5,0.9006457392374675,322.0050704185851,338.1012675911188,16.09619717253372,150496.0,150496.0,11738688,0.0,0.0,0.0,0,0
T040,T,0.4,29,4867,85.33333333333333,85.33333333333333,0.9002303187052408,333.3587696143659,349.9955037737964,16.63673415943049,155872.0,155872.0,12158016,0.0,0.0,0.0,0,0
T040,T,0.4,30,5035,85.33333333333333,85.5,0.9003854942321777,344.8112276366446,362.0272205210058,17.215992884361185,161248.0,161248.0,12577344,0.0,0.0,0.0,0,0
P050,P,0.05,1,163,0.0,0.16666666666666666,7.022848485310872,22.152437333832495,22.556756125064567,0.4043187912320718,5344.0,5344.0,1047424,4199377.125748503,4199377.125748503,4890519.113772455,0,0
P050,P,0.05,2,330,67.16666666666667,51.666666666666664,1.2776157792409262,45.22894211905077,46.152354220859706,0.9234121018089354,10720.0,10720.0,2101120,4237900.7164179105,4237900.7164179105,4951588.017910448,0,0
P050,P,0.05,3,498,80.0,82.66666666666667,0.9008095296223958,69.0535614148248,70.41408660658635,1.3605251917615533,16096.0,16096.0,3154816,4250690.854870776,4250690.854870776,4977387.107355865,0,0
P050,P,0.05,4,666,80.5,85.83333333333333,1.0152673117319744,91.63971487397794,93.52875938324723,1.8890445092692971,21472.0,21472.0,4208512,4257076.393442623,4257076.393442623,4979762.74366617,0,0
P050,P,0.05,5,834,81.0,87.16666666666667,0.8723474661509196,114.77672091952991,117.13981123850681,2.3630903189769015,26848.0,26848.0,5262208,4260904.672228844,4260904.672228844,4989161.918951132,0,0
P050,P,0.05,6,1002,82.83333333333333,87.83333333333333,0.7939426024754842,138.88068693934474,141.9949680651771,3.114281125832349,32224.0,32224.0,6315904,4263455.590863952,4263455.590863952,4992511.2512413105,0,0
P050,P,0.05,7,1170,84.0,88.33333333333333,0.9033013820648194,161.5516887883423,165.1637865086086,3.61209772026632,37600.0,37600.0,7369600,4265277.055319149,4265277.055319149,4995160.714042553,0,0
P050,P,0.05,8,1338,83.83333333333333,88.16666666666667,0.76950142065684,185.48335505952127,189.5302586533362,4.046903593814932,42976.0,42976.0,8423296,4266642.814594192,4266642.814594192,5001445.274013403,0,0
P050,P,0.05,9,1506,84.5,88.5,0.8224224170049032,208.3956155476626,212.9610085085733,4.565392960910685,48352.0,48352.0,9476992,4267704.870946393,4267704.870946393,5004037.660489742,0,0
P050,P,0.05,10,1674,85.0,88.0,0.8109076642990112,231.01640662364662,236.08260150183924,5.0661948781926185,53728.0,53728.0,10530688,4268554.38951757,4268554.38951757,5007231.7951161405,0,0
P050,P,0.05,11,1842,85.0,88.16666666666667,0.7636904923121134,254.06856753281318,259.611231967574,5.542664434760809,59104.0,59104.0,11584384,4269249.366540336,4269249.366540336,5010579.576069302,0,0
P050,P,0.05,12,2010,84.83333333333333,87.66666666666667,0.7851022164026896,278.13231566757895,284.2347731863847,6.10245751880575,64480.0,64480.0,12638080,4269828.456575682,4269828.456575682,5012365.972704715,0,0
P050,P,0.05,13,2178,84.16666666666667,86.66666666666667,0.8009397411346435,300.9489479570184,307.57884586858563,6.629897911567241,69856.0,69856.0,13691776,4270318.415025195,4270318.415025195,5016170.584974805,0,0
P050,P,0.05,14,2346,83.83333333333333,87.0,0.77290696144104,323.89240787853487,331.0000904215267,7.1076825429918244,75232.0,75232.0,14745472,4270738.349638452,4270738.349638452,5018733.946831136,0,0
P050,P,0.05,15,2514,86.5,87.16666666666667,0.7098376893997193,347.34962354262825,354.9293645970756,7.579741054447368,80608.0,80608.0,15799168,4271102.270742358,4271102.270742358,5019610.95394998,0,0
P050,P,0.05,16,2682,86.16666666666667,87.66666666666667,0.7351346413294474,371.8439535674406,379.9656117744744,8.12165820703376,85984.0,85984.0,16852864,4271420.684778564,4271420.684778564,5019520.467063639,0,0
P050,P,0.05,17,2850,84.33333333333333,86.5,0.8359460544586181,394.3285424900241,402.98280634195544,8.654263851931319,91360.0,91360.0,17906560,4271701.625218914,4271701.625218914,5020473.228021015,0,0
P050,P,0.05,18,3018,86.0,86.16666666666667,0.7878196573257447,418.00392654072493,427.1751505684806,9.17122402775567,96736.0,96736.0,18960256,4271951.339728747,4271951.339728747,5022609.712537215,0,0
P050,P,0.05,19,3186,86.0,86.0,0.7944537258148193,441.41413183219265,451.19080786406994,9.776676031877287,102112.0,102112.0,20013952,4272174.76026324,4272174.76026324,5022033.9805703545,0,0
P050,P,0.05,20,3354,86.0,87.16666666666667,0.7701158253351847,464.4390370429028,474.7752109604189,10.336173917516135,107488.0,107488.0,21067648,4272375.832092885,4272375.832092885,5022514.033938672,0,0
P050,P,0.05,21,3522,87.16666666666667,86.5,0.780554895401001,487.3990651133936,498.30702948372345,10.907964370329864,112864.0,112864.0,22121344,4272557.74879501,4272557.74879501,5023407.212361781,0,0
P050,P,0.05,22,3690,86.66666666666667,86.5,0.8274662160873413,510.92170056607574,522.416077721864,11.494377155788243,118240.0,118240.0,23175040,4272723.123139378,4272723.123139378,5023577.422192152,0,0
P050,P,0.05,23,3858,86.33333333333333,86.5,0.8372112782796224,534.4705425541615,546.624787127017,12.154244572855532,123616.0,123616.0,24228736,4272874.113383381,4272874.113383381,5024593.5324877035,0,0
P050,P,0.05,24,4026,86.0,86.33333333333333,0.8051398992538452,557.6455604799557,570.3633707304252,12.717810250469483,128992.0,128992.0,25282432,4273012.517985611,4273012.517985611,5024639.234929298,0,0
P050,P,0.05,25,4194,86.5,86.33333333333333,0.8086354494094848,579.969315446564,593.26861841965,13.299302973086014,134368.0,134368.0,26336128,4273139.8475827575,4273139.8475827575,5024633.196475351,0,0
P050,P,0.05,26,4362,86.5,86.33333333333333,0.8000537014007568,603.5198464081623,617.31753122597,13.797684817807749,139744.0,139744.0,27389824,4273257.380352645,4273257.380352645,5025047.843828715,0,0
P050,P,0.05,27,4530,86.83333333333333,86.5,0.80884215037028,625.4767826620955,639.8288912833668,14.352108621271327,145120.0,145120.0,28443520,4273366.205071664,4273366.205071664,5025880.484454244,0,0
P050,P,0.05,28,4698,86.5,86.66666666666667,0.7920602385203044,648.4261441535782,663.3498539272696,14.923709773691371,150496.0,150496.0,29497216,4273467.254943653,4273467.254943653,5026758.4526897725,0,0
P050,P,0.05,29,4866,86.83333333333333,86.66666666666667,0.7921245908737182,670.7947040357394,686.345078717568,15.550374681828544,155872.0,155872.0,30550912,4273561.334428249,4273561.334428249,5026321.240812975,0,0
P050,P,0.05,30,5034,86.83333333333333,86.83333333333333,0.7932612180709839,693.2149983628187,709.3984911232255,16.183492760406807,161248.0,161248.0,31604608,4273649.1407025205,4273649.1407025205,5027891.589799563,0,0
P020,P,0.02,1,162,0.16666666666666666,0.16666666666666666,7.096874567667643,23.393885751022026,23.793816554243676,0.3999308032216504,5344.0,5344.0,1047424,1679729.245508982,1679729.245508982,1963803.1616766467,0,0
P020,P,0.02,2,330,66.16666666666667,48.833333333333336,1.2905202929178874,46.69654058094602,47.65921393421013,0.9626733532641083,10720.0,10720.0,2101120,1695138.4835820897,1695138.4835820897,1983860.295522388,0,0
P020,P,0.02,3,498,80.5,82.0,0.889767812093099,70.39009652822278,71.98094022076111,1.5908436925383285,16096.0,16096.0,3154816,1700254.4731610338,1700254.4731610338,1994405.2842942346,0,0
P020,P,0.02,4,666,80.83333333333333,86.33333333333333,0.939495948155721,91.31580565765034,93.49952922237571,2.183723564725369,21472.0,21472.0,4208512,1702808.6557377048,1702808.6557377048,1995866.2935916542,0,0
P020,P,0.02,5,834,81.0,88.0,0.8483224232991536,112.27408143272623,114.95692360086832,2.6828421681420878,26848.0,26848.0,5262208,1704339.947556615,1704339.947556615,1999890.0810488677,0,0
P020,P,0.02,6,1002,84.0,88.33333333333333,0.7915801858901977,133.50842297333293,136.74123232776765,3.232809354434721,32224.0,32224.0,6315904,1705360.3018867925,1705360.3018867925,2001789.9056603773,0,0
P020,P,0.02,7,1170,84.16666666666667,87.5,0.8075618044535319,154.1282869206043,157.9788800056558,3.850593085051514,37600.0,37600.0,7369600,1706088.8782978724,1706088.8782978724,2002778.3719148936,0,0
P020,P,0.02,8,1338,83.0,89.33333333333333,0.747259742418925,177.32821234839503,181.79086605738848,4.462653708993457,42976.0,42976.0,8423296,1706635.174981385,1706635.174981385,2005013.4996276991,0,0
P020,P,0.02,9,1506,84.83333333333333,88.66666666666667,0.7845684623718262,200.0009334521601,204.92784631438553,4.926912862225436,48352.0,48352.0,9476992,1707059.9920582396,1707059.9920582396,2006403.466578425,0,0
P020,P,0.02,10,1674,84.0,88.0,0.7607870197296143,220.78450509929098,226.18608582415618,5.401580724865198,53728.0,53728.0,10530688,1707399.7951161405,1707399.7951161405,2007348.3037522335,0,0
P020,P,0.02,11,1842,84.83333333333333,87.83333333333333,0.7626410388946533,241.11752564576454,247.08868110505864,5.971155459294096,59104.0,59104.0,11584384,1707677.7823497565,1707677.7823497565,2008564.0628045478,0,0
P020,P,0.02,12,2010,86.0,88.16666666666667,0.7791776180267334,261.7135453565279,268.17005305329803,6.456507696770132,64480.0,64480.0,12638080,1707909.4153846153,1707909.4153846153,2009060.4347394542,0,0
P020,P,0.02,13,2178,86.33333333333333,86.83333333333333,0.767478682200114,284.48784230381716,291.47797097451985,6.990128670702688,69856.0,69856.0,13691776,1708105.3962437012,1708105.3962437012,2010605.4388456254,0,0
P020,P,0.02,14,2346,85.66666666666667,86.33333333333333,0.782273866335551,304.8899555908283,312.35317058174405,7.463214990915731,75232.0,75232.0,14745472,1708273.367928541,1708273.367928541,2011752.6856656743,0,0
P020,P,0.02,15,2514,85.5,86.33333333333333,0.6968980598449707,325.0037032918772,332.93373699870426,7.930033706827089,80608.0,80608.0,15799168,1708418.9344978165,1708418.9344978165,2012411.5283842795,0,0
P020,P,0.02,16,2682,85.66666666666667,86.83333333333333,0.7647515455881755,346.01339902880136,354.46583617967553,8.452437150874175,85984.0,85984.0,16852864,1708546.2984741346,1708546.2984741346,2012598.708224786,0,0
P020,P,0.02,17,2850,86.66666666666667,87.83333333333333,0.8159787289301554,369.00287593947724,377.9966928769136,8.99381693743635,91360.0,91360.0,17906560,1708658.6732049037,1708658.6732049037,2013066.1870402803,0,0
P020,P,0.02,18,3018,85.5,87.5,0.7766120719909668,390.63636272598524,400.1366679003695,9.500305174384266,96736.0,96736.0,18960256,1708758.5577241152,1708758.5577241152,2013759.0820377108,0,0
P020,P,0.02,19,3186,87.16666666666667,86.83333333333333,0.7743235349655151,412.6745127242757,422.6121942148311,9.937681490555406,102112.0,102112.0,20013952,1708847.9247884676,1708847.9247884676,2013595.0730178626,0,0
P020,P,0.02,20,3354,86.83333333333333,87.66666666666667,0.7706553506851196,434.3928547928808,444.8164700291818,10.423615236300975,107488.0,107488.0,21067648,1708928.3524858588,1708928.3524858588,2013934.0872283417,0,0
P020,P,0.02,21,3522,86.16666666666667,87.16666666666667,0.7813895257314046,459.36526241502725,470.2621473359177,10.896884920890443,112864.0,112864.0,22121344,1709001.118230791,1709001.118230791,2014135.2755883187,0,0
P020,P,0.02,22,3690,86.33333333333333,86.5,0.7936463069915771,480.6669212951092,492.0333636776777,11.366442382568493,118240.0,118240.0,23175040,1709067.2671177266,1709067.2671177266,2014194.3531799729,0,0
P020,P,0.02,23,3858,86.0,87.16666666666667,0.8029090023040771,502.85922946350183,514.6651583291823,11.805928865680471,123616.0,123616.0,24228736,1709127.6624385193,1709127.6624385193,2014549.0144965053,0,0
P020,P,0.02,24,4026,86.66666666666667,87.0,0.7910405413309733,524.5494836308062,536.8928554516751,12.343371820868924,128992.0,128992.0,25282432,1709183.023567353,1709183.023567353,2014621.9836268916,0,0
P020,P,0.02,25,4194,87.16666666666667,86.83333333333333,0.7851631609598796,546.7271824845811,559.6177198856603,12.8905374010792,134368.0,134368.0,26336128,1709233.9547511311,1709233.9547511311,2014624.3215051203,0,0
P020,P,0.02,26,4362,86.66666666666667,87.16666666666667,0.7860713450113932,569.8115570545197,583.2408673202153,13.429310265695676,139744.0,139744.0,27389824,1709280.9672544082,1709280.9672544082,2014724.2928784061,0,0
P020,P,0.02,27,4530,87.33333333333333,87.5,0.7822903060913086,592.2234727639006,606.2808473265031,14.05737456260249,145120.0,145120.0,28443520,1709324.4965821388,1709324.4965821388,2015134.6035281147,0,0
P020,P,0.02,28,4698,87.83333333333333,87.5,0.7707834116617839,615.1953086903086,629.8117361144396,14.616427424130961,150496.0,150496.0,29497216,1709364.9160110569,1709364.9160110569,2015533.0920688922,0,0
P020,P,0.02,29,4866,88.0,87.83333333333333,0.7697211488087972,635.3235074346885,650.5126971247373,15.189189690048806,155872.0,155872.0,30550912,1709402.5473208786,1709402.5473208786,2015269.6969821393,0,0
P020,P,0.02,30,5034,88.0,88.0,0.7701718457539877,657.0328455423005,672.7188159483485,15.685970406048,161248.0,161248.0,31604608,1709437.669378845,1709437.669378845,2015808.2597737645,0,0
P010,P,0.01,1,162,0.16666666666666666,0.16666666666666666,7.131158854166666,24.05975018418394,24.53005754330661,0.4703073591226712,5344.0,5344.0,1047424,839846.9461077844,839846.9461077844,980062.7664670659,0,0
P010,P,0.01,2,330,66.83333333333333,48.0,1.2995653533935547,46.18028211069759,47.16467357601505,0.9843914653174579,10720.0,10720.0,2101120,847551.4029850747,847551.4029850747,991428.4268656716,0,0
P010,P,0.01,3,498,80.83333333333333,81.33333333333333,0.8812748114267985,67.79913001600653,69.28433096583467,1.4852009498281404,16096.0,16096.0,3154816,850109.3439363817,850109.3439363817,996878.8369781312,0,0
P010,P,0.01,4,666,81.0,86.66666666666667,0.9486710929870605,89.14273886196315,91.11672620964237,1.9739873476792127,21472.0,21472.0,4208512,851386.4083457526,851386.4083457526,997981.0044709389,0,0
P010,P,0.01,5,834,82.33333333333333,87.16666666666667,0.8553771909077962,110.4844588310225,112.94031817896757,2.455859347945079,26848.0,26848.0,5262208,852152.0381406436,852152.0381406436,1000102.1716328963,0,0
P010,P,0.01,6,1002,84.0,88.83333333333333,0.7920616817474365,132.3235333506018,135.4101050196914,3.086571669089608,32224.0,32224.0,6315904,852662.2045680238,852662.2045680238,1001252.1926514399,0,0
P010,P,0.01,7,1170,84.66666666666667,89.16666666666667,0.8118410205841065,153.94127992121503,157.52765501465183,3.5863750934368,37600.0,37600.0,7369600,853026.485106383,853026.485106383,1001757.7974468085,0,0
P010,P,0.01,8,1338,85.5,88.16666666666667,0.7438981517155965,175.73803923104424,179.91149556310847,4.173456332064234,42976.0,42976.0,8423296,853299.627699181,853299.627699181,1003011.3037974683,0,0
P010,P,0.01,9,1506,85.0,88.16666666666667,0.7693419535954793,197.24240306031425,201.87025408970658,4.627851029392332,48352.0,48352.0,9476992,853512.0317670417,853512.0317670417,1003711.5545996029,0,0
P010,P,0.01,10,1674,84.66666666666667,88.0,0.7459154144922893,218.44354832614772,223.70115565950982,5.2576073333621025,53728.0,53728.0,10530688,853681.9297200715,853681.9297200715,1004314.296605122,0,0
P010,P,0.01,11,1842,86.16666666666667,88.66666666666667,0.7888724295298258,241.07186062051915,246.8848357317038,5.812975111184642,59104.0,59104.0,11584384,853820.920411478,853820.920411478,1004864.9020032485,0,0
P010,P,0.01,12,2010,86.16666666666667,88.16666666666667,0.7698165051142375,263.26020114845596,269.55515368352644,6.294952535070479,64480.0,64480.0,12638080,853936.7344913151,853936.7344913151,1005229.1488833746,0,0
P010,P,0.01,13,2178,85.83333333333333,88.16666666666667,0.7822407944997152,287.0093338789884,293.86410751892254,6.8547736399341375,69856.0,69856.0,13691776,854034.7228584517,854034.7228584517,1005973.307833257,0,0
P010,P,0.01,14,2346,84.83333333333333,86.83333333333333,0.8129571072260539,307.7746061227517,315.1759327768814,7.401326654129662,75232.0,75232.0,14745472,854118.7069332199,854118.7069332199,1006422.592088473,0,0
P010,P,0.01,15,2514,85.66666666666667,87.66666666666667,0.6964023192723592,329.0413140548626,336.9446053043939,7.903291249531321,80608.0,80608.0,15799168,854191.4886859865,854191.4886859865,1006650.3374354902,0,0
P010,P,0.01,16,2682,87.16666666666667,88.0,0.7388625113169353,349.59539469052106,358.05512640741654,8.459731716895476,85984.0,85984.0,16852864,854255.1693338295,854255.1693338295,1006679.5392631188,0,0
P010,P,0.01,17,2850,86.66666666666667,88.16666666666667,0.8046251678466797,370.3924451759085,379.4353880669223,9.042942891013809,91360.0,91360.0,17906560,854311.3555166374,854311.3555166374,1006875.8140105079,0,0
P010,P,0.01,18,3018,86.66666666666667,88.0,0.7658920367558797,393.0059599755332,402.5584441330284,9.5524841574952,96736.0,96736.0,18960256,854361.2967251075,854361.2967251075,1007294.7072444592,0,0
P010,P,0.01,19,3186,86.33333333333333,87.83333333333333,0.7797999668121338,414.051849226933,424.19148805900477,10.139638832071796,102112.0,102112.0,20013952,854405.9793168285,854405.9793168285,1007180.6320902539,0,0
P010,P,0.01,20,3354,86.83333333333333,87.83333333333333,0.7430339241027832,435.02149310160894,445.7189655645052,10.697472462896258,107488.0,107488.0,21067648,854446.1923191426,854446.1923191426,1007312.3340279845,0,0
P010,P,0.01,21,3522,87.0,87.83333333333333,0.7585884761810303,455.7176566175185,466.87533964647446,11.157683028955944,112864.0,112864.0,22121344,854482.5744258576,854482.5744258576,1007422.8140062375,0,0
P010,P,0.01,22,3690,88.0,88.0,0.7862841351826986,478.0109117308166,489.8450308791362,11.834119148319587,118240.0,118240.0,23175040,854515.6481732071,854515.6481732071,1007449.7377537212,0,0
P010,P,0.01,23,3858,86.66666666666667,88.0,0.7860126256942749,499.0782247702591,511.3870655738283,12.308840803569183,123616.0,123616.0,24228736,854545.8451980326,854545.8451980326,1007544.4030546207,0,0
P010,P,0.01,24,4026,86.66666666666667,87.5,0.7726569366455078,520.3381196463015,533.0849575784523,12.746837932150811,128992.0,128992.0,25282432,854573.5251798561,854573.5251798561,1007604.1282560158,0,0
P010,P,0.01,25,4194,87.16666666666667,87.33333333333333,0.7668219025929769,541.5640883074375,554.8922887545777,13.328200447140262,134368.0,134368.0,26336128,854598.9902357705,854598.9902357705,1007668.0626339605,0,0
P010,P,0.01,26,4362,87.33333333333333,88.0,0.7651556619008382,563.1990264313063,577.1018920550123,13.90286562370602,139744.0,139744.0,27389824,854622.4959926723,854622.4959926723,1007759.4877490267,0,0
P010,P,0.01,27,4530,88.0,87.83333333333333,0.7619717025756836,585.6149526539957,599.982720443164,14.367767789168283,145120.0,145120.0,28443520,854644.2601984565,854644.2601984565,1007928.3327453142,0,0
P010,P,0.01,28,4698,87.66666666666667,87.5,0.7614876381556193,606.5416026033927,621.4425271888031,14.900924585410394,150496.0,150496.0,29497216,854664.4694875611,854664.4694875611,1008137.9474803318,0,0
P010,P,0.01,29,4866,87.33333333333333,88.0,0.7625245555241903,628.8049413904082,644.258880911395,15.45393952098675,155872.0,155872.0,30550912,854683.2847464586,854683.2847464586,1007993.3346335455,0,0
P010,P,0.01,30,5034,87.33333333333333,87.33333333333333,0.7622626399993897,650.5460379206343,666.7371082105674,16.191070289933123,161248.0,161248.0,31604608,854700.8454058345,854700.8454058345,1008261.5336376266,0,0
P005,P,0.005,1,162,0.16666666666666666,0.16666666666666666,7.156350072224935,23.81418000056874,24.286940150312148,0.47276014974340796,5344.0,5344.0,1047424,419923.4730538922,419923.4730538922,490143.6586826347,0,0
P005,P,0.005,2,330,65.0,46.666666666666664,1.3286984634399415,46.90596860868391,47.94417671463452,1.0382081059506163,10720.0,10720.0,2101120,423775.70149253734,423775.70149253734,495710.823880597,0,0
P005,P,0.005,3,498,80.33333333333333,82.16666666666667,0.8772141933441162,70.29421453725081,71.91064137290232,1.6164268356515095,16096.0,16096.0,3154816,425054.6719681909,425054.6719681909,498460.94433399604,0,0
P005,P,0.005,4,666,81.16666666666667,85.83333333333333,0.9528779570261637,93.2915467065759,95.48223544156644,2.1906887349905446,21472.0,21472.0,4208512,425693.2041728763,425693.2041728763,499187.91803278687,0,0
P005,P,0.005,5,834,81.83333333333333,87.33333333333333,0.8228648630777995,116.32192258909345,119.20604853192344,2.8841259428299963,26848.0,26848.0,5262208,426076.0190703218,426076.0190703218,500155.8498212157,0,0
P005,P,0.005,6,1002,83.66666666666667,88.33333333333333,0.7649353154500326,139.09140579111408,142.64053291536402,3.549127124249935,32224.0,32224.0,6315904,426331.1022840119,426331.1022840119,500721.2075471698,0,0
P005,P,0.005,7,1170,85.33333333333333,89.16666666666667,0.7958456579844156,162.38470440986566,166.5360805480741,4.151376138208434,37600.0,37600.0,7369600,426513.2425531915,426513.2425531915,500953.32765957445,0,0
P005,P,0.005,8,1338,85.33333333333333,87.83333333333333,0.7302545817693075,185.6416633113986,190.3661353905918,4.7244720791932195,42976.0,42976.0,8423296,426649.8138495905,426649.8138495905,501546.99925539835,0,0
P005,P,0.005,9,1506,84.83333333333333,88.16666666666667,0.7735441112518311,209.19729097560048,214.45312511443626,5.25583413883578,48352.0,48352.0,9476992,426756.0158835208,426756.0158835208,501913.16545334214,0,0
P005,P,0.005,10,1674,84.66666666666667,88.16666666666667,0.7315003236134847,232.5507060418604,238.38394322118256,5.833237179322168,53728.0,53728.0,10530688,426840.96486003575,426840.96486003575,502183.0976771888,0,0
P005,P,0.005,11,1842,86.0,88.83333333333333,0.7564977169036865,255.5153212430887,262.0636292198906,6.54830797680188,59104.0,59104.0,11584384,426910.460205739,426910.460205739,502452.27774769894,0,0
P005,P,0.005,12,2010,86.0,87.83333333333333,0.7781417926152547,278.7532675410621,285.8318654622417,7.0785979211796075,64480.0,64480.0,12638080,426968.36724565754,426968.36724565754,502614.81290322583,0,0
P005,P,0.005,13,2178,85.66666666666667,87.83333333333333,0.8004752937952677,302.96792834997177,310.5753819156671,7.607453565695323,69856.0,69856.0,13691776,427017.3614292258,427017.3614292258,502921.4777828676,0,0
P005,P,0.005,14,2346,86.5,88.0,0.7811818822224935,326.4126929222839,334.5698227958055,8.157129873521626,75232.0,75232.0,14745472,427059.35346660996,427059.35346660996,503124.73543173115,0,0
P005,P,0.005,15,2514,85.5,87.0,0.7011164712905884,349.7179324631579,358.39346876367927,8.675536300521344,80608.0,80608.0,15799168,427095.74434299325,427095.74434299325,503282.17943628423,0,0
P005,P,0.005,16,2682,87.16666666666667,89.16666666666667,0.7378407414754232,373.1776278105099,382.4801838771673,9.302556066657417,85984.0,85984.0,16852864,427127.5846669148,427127.5846669148,503341.25567547453,0,0
P005,P,0.005,17,2850,86.5,89.16666666666667,0.796341511408488,397.7845882042311,407.6553157980088,9.870727593777701,91360.0,91360.0,17906560,427155.6777583187,427155.6777583187,503389.9968476357,0,0
P005,P,0.005,18,3018,85.83333333333333,88.16666666666667,0.764172280629476,420.80190202384256,431.2575335785514,10.455631554708816,96736.0,96736.0,18960256,427180.64836255374,427180.64836255374,503551.2669533576,0,0
P005,P,0.005,19,3186,86.5,88.0,0.782057139078776,443.5269182099728,454.504902655608,10.97798444563523,102112.0,102112.0,20013952,427202.98965841427,427202.98965841427,503507.5333751175,0,0
P005,P,0.005,20,3354,87.16666666666667,87.5,0.7607560666402181,466.4647101497976,477.9606305793859,11.495920429588296,107488.0,107488.0,21067648,427223.0961595713,427223.0961595713,503591.4700803811,0,0
P005,P,0.005,21,3522,86.66666666666667,88.0,0.7756621980667114,490.055828383076,502.1087972113164,12.05296882824041,112864.0,112864.0,22121344,427241.2872129288,427241.2872129288,503655.15367167565,0,0
P005,P,0.005,22,3690,87.0,88.0,0.7843800640106201,513.6538663065294,526.316429945291,12.66256363876164,118240.0,118240.0,23175040,427257.82408660353,427257.82408660353,503699.3247631935,0,0
P005,P,0.005,23,3858,86.0,87.5,0.7828295882542928,536.7711459496059,549.947447369108,13.176301419502124,123616.0,123616.0,24228736,427272.9225990163,427272.9225990163,503756.0473725084,0,0
P005,P,0.005,24,4026,87.0,87.83333333333333,0.7734381977717082,560.2049894015072,573.966324312496,13.761334910988808,128992.0,128992.0,25282432,427286.76258992805,427286.76258992805,503784.11709253286,0,0
P005,P,0.005,25,4194,88.66666666666667,88.16666666666667,0.7753525352478028,583.004291472258,597.2889558013994,14.284664329141378,134368.0,134368.0,26336128,427299.49511788524,427299.49511788524,503818.2314836866,0,0
P005,P,0.005,26,4362,87.66666666666667,87.66666666666667,0.775760825475057,605.3817599713802,620.3028089998988,14.92104902851861,139744.0,139744.0,27389824,427311.24799633614,427311.24799633614,503885.7639111518,0,0
P005,P,0.005,27,4530,87.66666666666667,88.0,0.7691858832041423,628.450591204688,643.9023440092569,15.451752804568969,145120.0,145120.0,28443520,427322.13009922823,427322.13009922823,503970.403969129,0,0
P005,P,0.005,28,4698,88.33333333333333,88.0,0.7683348766962688,651.2806857227115,667.3157931843307,16.03510746161919,150496.0,150496.0,29497216,427332.2347437806,427332.2347437806,504020.89985115884,0,0
P005,P,0.005,29,4866,88.5,88.33333333333333,0.7679743830362956,674.0960334769916,690.7580943465,16.662060869508423,155872.0,155872.0,30550912,427341.6423732293,427341.6423732293,503956.6101416547,0,0
P005,P,0.005,30,5034,88.33333333333333,88.16666666666667,0.7677906545003256,696.8366313901497,714.0326220444404,17.195990654290654,161248.0,161248.0,31604608,427350.42270291725,427350.42270291725,504097.2220678706,0,0
P0025,P,0.0025,1,163,0.16666666666666666,0.16666666666666666,7.174063873291016,22.30516844650265,22.936628854251467,0.6314604077488184,5344.0,5344.0,1047424,209949.46107784432,209949.46107784432,244224.4371257485,0,0
P0025,P,0.0025,2,329,65.33333333333333,45.166666666666664,1.3563552888234456,44.37240171933081,45.483366611762904,1.1109648924320936,10720.0,10720.0,2101120,211875.46268656716,211875.46268656716,248673.99402985076,0,0
P0025,P,0.0025,3,497,81.33333333333333,81.5,0.8968422158559164,66.7893491658615,68.44178408163134,1.6524349157698452,16096.0,16096.0,3154816,212514.91053677932,212514.91053677932,250017.46918489065,0,0
P0025,P,0.0025,4,665,80.66666666666667,87.16666666666667,0.9170763492584229,90.21502462285571,92.32343126984779,2.10840664699208,21472.0,21472.0,4208512,212834.15797317435,212834.15797317435,250253.34128166916,0,0
P0025,P,0.0025,5,833,84.16666666666667,88.0,0.820362548828125,112.88772863300983,115.44810970569961,2.560381072689779,26848.0,26848.0,5262208,213025.55423122764,213025.55423122764,250737.73182359952,0,0
P0025,P,0.0025,6,1001,83.83333333333333,88.33333333333333,0.8118550872802734,135.25356530200224,138.3257903236663,3.072225021664053,32224.0,32224.0,6315904,213153.0883813307,213153.0883813307,250976.70506454815,0,0
P0025,P,0.0025,7,1169,86.0,88.83333333333333,0.8017777570088704,156.80130581441335,160.42719014117029,3.625884326756932,37600.0,37600.0,7369600,213244.15319148937,213244.15319148937,251158.44936170214,0,0
P0025,P,0.0025,8,1337,85.66666666666667,88.66666666666667,0.767115166982015,179.35353488719556,183.44840169057716,4.094866803381592,42976.0,42976.0,8423296,213312.43484735666,213312.43484735666,251352.38346984363,0,0
P0025,P,0.0025,9,1505,87.16666666666667,89.33333333333333,0.7609140809377034,202.21448415738996,206.8495330949081,4.63504893751815,48352.0,48352.0,9476992,213365.53275976176,213365.53275976176,251340.73328921245,0,0
P0025,P,0.0025,10,1673,85.33333333333333,88.83333333333333,0.7356518125534057,224.14569208491594,229.24921157897916,5.103519494063221,53728.0,53728.0,10530688,213408.0047647409,213408.0047647409,251430.26325193568,0,0
P0025,P,0.0025,11,1841,86.5,89.16666666666667,0.7439716529846191,244.80660813231952,250.39244703296572,5.585838900646195,59104.0,59104.0,11584384,213442.7504060639,213442.7504060639,251510.3053600433,0,0
P0025,P,0.0025,12,2009,85.66666666666667,89.33333333333333,0.8206581417719523,267.21866745781153,273.4636100073112,6.244942549499683,64480.0,64480.0,12638080,213471.70223325063,213471.70223325063,251638.24615384615,0,0
P0025,P,0.0025,13,2177,87.5,88.0,0.7750891431172688,289.78053957258817,296.6205351925455,6.839995619957335,69856.0,69856.0,13691776,213496.19789280806,213496.19789280806,251700.4406779661,0,0
P0025,P,0.0025,14,2345,86.0,88.0,0.759208722114563,312.13749581645243,319.4768364375923,7.339340621139854,75232.0,75232.0,14745472,213517.19268396427,213517.19268396427,251714.92045937898,0,0
P0025,P,0.0025,15,2513,86.16666666666667,87.33333333333333,0.7332231982549031,333.7850495738676,341.6369838764658,7.851934302598238,80608.0,80608.0,15799168,213535.3870583565,213535.3870583565,251757.24454148472,0,0
P0025,P,0.0025,16,2681,88.16666666666667,88.16666666666667,0.7433914073308309,355.6021629711613,363.9604123327881,8.358249361626804,85984.0,85984.0,16852864,213551.30628954223,213551.30628954223,251826.51581689616,0,0
P0025,P,0.0025,17,2849,86.83333333333333,89.33333333333333,0.7772651942571004,376.2187610793626,385.0476375819417,8.828876502579078,91360.0,91360.0,17906560,213565.3520140105,213565.3520140105,251876.15796847636,0,0
P0025,P,0.0025,18,3017,87.66666666666667,88.33333333333333,0.7631447283426921,397.19868023251183,406.5109428901924,9.312262657680549,96736.0,96736.0,18960256,213577.83658617266,213577.83658617266,251850.00826993052,0,0
P0025,P,0.0025,19,3185,88.0,88.0,0.7701983674367269,419.62452502630185,429.3927316040499,9.76820657774806,102112.0,102112.0,20013952,213589.00658100907,213589.00658100907,251878.63616421184,0,0
P0025,P,0.0025,20,3353,88.33333333333333,87.66666666666667,0.7352826531728108,441.45973898726515,451.70873227214906,10.248993284883909,107488.0,107488.0,21067648,213599.05924382256,213599.05924382256,251928.30485263473,0,0
P0025,P,0.0025,21,3521,87.16666666666667,88.5,0.7644884618123372,462.4659889168106,473.1648479971336,10.698859080323018,112864.0,112864.0,22121344,213608.1542387298,213608.1542387298,251960.4343634817,0,0
P0025,P,0.0025,22,3689,87.83333333333333,87.66666666666667,0.7729676310221354,484.0753580929013,495.34310049109627,11.267742398194969,118240.0,118240.0,23175040,213616.42219215154,213616.42219215154,251994.3807848444,0,0
P0025,P,0.0025,23,3857,87.16666666666667,87.5,0.7799901167551676,506.5238614041591,518.2098170233658,11.685955619206652,123616.0,123616.0,24228736,213623.9710069894,213623.9710069894,252073.7763396324,0,0
P0025,P,0.0025,24,4025,87.5,88.0,0.7767793337504069,528.7098966790363,540.8695323702414,12.15963569120504,128992.0,128992.0,25282432,213630.89059786653,213630.89059786653,252058.28975440338,0,0
P0025,P,0.0025,25,4193,87.0,87.66666666666667,0.7750018533070883,549.901420298731,562.5856733589899,12.684253060258925,134368.0,134368.0,26336128,213637.2564896404,213637.2564896404,252146.7947130269,0,0
P0025,P,0.0025,26,4361,87.5,87.66666666666667,0.7704842567443848,571.8603063593619,585.0436744489707,13.183368089608848,139744.0,139744.0,27389824,213643.13258529882,213643.13258529882,252170.48500114496,0,0
P0025,P,0.0025,27,4529,87.33333333333333,87.16666666666667,0.772887199719747,593.0607976312749,606.7357317802962,13.674934149021283,145120.0,145120.0,28443520,213648.57331863284,213648.57331863284,252171.9151047409,0,0
P0025,P,0.0025,28,4697,87.83333333333333,87.33333333333333,0.7680558490753174,615.9880854577059,630.2435329789296,14.255447521223687,150496.0,150496.0,29497216,213653.62534552414,213653.62534552414,252210.87688709336,0,0
P0025,P,0.0025,29,4865,87.5,87.66666666666667,0.7674113273620605,637.0229122824967,651.9181944568409,14.895282174344175,155872.0,155872.0,30550912,213658.32888523917,213658.32888523917,252268.56990351056,0,0
P0025,P,0.0025,30,5033,87.66666666666667,87.5,0.7670945898691813,658.3911098717945,673.8093960823026,15.418286210508086,161248.0,161248.0,31604608,213662.7187934114,213662.7187934114,252278.78428259576,0,0
